{ "_id" : ObjectId("6390d6d65d16d5363f17b0c4"), "BookName" : "shrek 4", "AuthorName" : "disney", "NumberOfPages" : 50, "YearOfRelease" : "2020", "ImageUrl" : "wwwroot\\img\\3eda0e7d-4718-458a-8f72-0068ee4ba660.jpg", "AmountAvalible" : 2, "AmountBorrowed" : 3 }
{ "_id" : ObjectId("6390d7245d16d5363f17b0c5"), "BookName" : "shrek 1", "AuthorName" : "dreamwork", "NumberOfPages" : 50, "YearOfRelease" : "2018", "ImageUrl" : "wwwroot\\img\\2fdab3de-83e8-46dc-a5f9-807d1b7e4a51.jpg", "AmountAvalible" : 0, "AmountBorrowed" : 3 }
{ "_id" : ObjectId("6390d7455d16d5363f17b0c6"), "BookName" : "oslikovy deti shrek", "AuthorName" : "dreamwork", "NumberOfPages" : 632, "YearOfRelease" : "2019", "ImageUrl" : "wwwroot\\img\\3db24f4e-9651-46cb-ac87-8449c503d498.jpg", "AmountAvalible" : 7, "AmountBorrowed" : 1 }
{ "_id" : ObjectId("6390d77e5d16d5363f17b0c7"), "BookName" : "oslikova zena", "AuthorName" : "dreamwork", "NumberOfPages" : 60, "YearOfRelease" : "2020", "ImageUrl" : "wwwroot\\img\\f70fcb84-f5be-4bf7-9e3d-5fb3a657d7c8.jpg", "AmountAvalible" : 2, "AmountBorrowed" : 1 }
{ "_id" : ObjectId("6390d7bd5d16d5363f17b0c8"), "BookName" : "neivm", "AuthorName" : "anime", "NumberOfPages" : 230, "YearOfRelease" : "2022", "ImageUrl" : "wwwroot\\img\\16bdcd47-a40c-41a4-bf30-b2a5fbf8b850.png", "AmountAvalible" : 3, "AmountBorrowed" : 0 }
{ "_id" : ObjectId("63910734083932d9affdca81"), "BookName" : "tata", "AuthorName" : "audi", "NumberOfPages" : 666, "YearOfRelease" : "2022", "ImageUrl" : "wwwroot\\img\\4dd22cfc-4348-4a3c-9ad5-c1153f132e6a.png", "AmountAvalible" : 0, "AmountBorrowed" : 0 }
