{ "_id" : UUID("860aee01-9949-4720-acdf-1ed4cb01e82e"), "UserName" : "Admin", "NormalizedUserName" : "ADMIN", "Email" : null, "NormalizedEmail" : null, "EmailConfirmed" : false, "PasswordHash" : "AQAAAAEAACcQAAAAEHsvd6uLd0S+sruD32gdIx/Al5evZFlHX8zqmfylDrmV6Cj/WckkrIQkRPvJQx4IvQ==", "SecurityStamp" : "YHMTTGIQNKPN6E3IAIB4O2YVV5UQG36B", "ConcurrencyStamp" : "7ee3a3c6-e6e0-49a0-98fb-6eee65f89786", "PhoneNumber" : null, "PhoneNumberConfirmed" : false, "TwoFactorEnabled" : false, "LockoutEnd" : null, "LockoutEnabled" : true, "AccessFailedCount" : 0, "Version" : 1, "CreatedOn" : ISODate("2022-12-07T18:09:04.189Z"), "Claims" : [], "Roles" : [UUID("7073c96b-17d2-48cd-860e-af437ea7dbff")], "Logins" : [], "Tokens" : [], "FirstName" : "Admin", "LastName" : "Admin", "PersonalIdentificationNumber" : "795404/369", "Adress" : "katerinice", "bookIds" : ["6390d6d65d16d5363f17b0c4", "6390d7245d16d5363f17b0c5", "6390d77e5d16d5363f17b0c7"], "IsBanned" : false, "IsApproved" : true, "BookHistory" : [{ "BookId" : "6390d7bd5d16d5363f17b0c8", "DateBorrowed" : ISODate("2022-12-10T10:40:23.336Z"), "DateReturned" : ISODate("2022-12-10T10:40:25.009Z") }, { "BookId" : "6390d7245d16d5363f17b0c5", "DateBorrowed" : ISODate("2022-12-10T15:16:50.477Z"), "DateReturned" : ISODate("2022-12-10T15:16:52.047Z") }, { "BookId" : "6390d7245d16d5363f17b0c5", "DateBorrowed" : ISODate("2022-12-10T15:16:52.579Z"), "DateReturned" : ISODate("2022-12-10T15:16:53.113Z") }, { "BookId" : "6390d7245d16d5363f17b0c5", "DateBorrowed" : ISODate("2022-12-10T15:16:53.544Z"), "DateReturned" : ISODate("2022-12-10T15:16:59.187Z") }, { "BookId" : "6390d7bd5d16d5363f17b0c8", "DateBorrowed" : ISODate("2022-12-10T15:16:54.567Z"), "DateReturned" : ISODate("2022-12-10T15:16:58.657Z") }, { "BookId" : "6390d7455d16d5363f17b0c6", "DateBorrowed" : ISODate("2022-12-10T15:16:56.415Z"), "DateReturned" : ISODate("2022-12-10T15:16:57.442Z") }, { "BookId" : "6390d7245d16d5363f17b0c5", "DateBorrowed" : ISODate("2022-12-10T15:35:07.549Z"), "DateReturned" : ISODate("2022-12-10T15:35:09.067Z") }, { "BookId" : "6390d6d65d16d5363f17b0c4", "DateBorrowed" : ISODate("2023-01-17T10:19:07.765Z"), "DateReturned" : ISODate("2023-01-17T10:19:08.49Z") }, { "BookId" : "6390d6d65d16d5363f17b0c4", "DateBorrowed" : ISODate("2023-01-17T10:19:09.073Z"), "DateReturned" : null }, { "BookId" : "6390d7245d16d5363f17b0c5", "DateBorrowed" : ISODate("2023-01-17T10:19:09.892Z"), "DateReturned" : ISODate("2023-01-17T10:19:58.999Z") }, { "BookId" : "6390d7245d16d5363f17b0c5", "DateBorrowed" : ISODate("2023-01-17T10:24:47.886Z"), "DateReturned" : ISODate("2023-01-17T10:25:03.505Z") }, { "BookId" : "6390d7455d16d5363f17b0c6", "DateBorrowed" : ISODate("2023-01-18T09:43:42.54Z"), "DateReturned" : ISODate("2023-01-18T09:43:44.04Z") }, { "BookId" : "6390d7455d16d5363f17b0c6", "DateBorrowed" : ISODate("2023-01-18T09:43:45.201Z"), "DateReturned" : ISODate("2023-01-18T09:43:53.438Z") }, { "BookId" : "6390d7245d16d5363f17b0c5", "DateBorrowed" : ISODate("2023-01-18T09:43:51.921Z"), "DateReturned" : null }, { "BookId" : "6390d77e5d16d5363f17b0c7", "DateBorrowed" : ISODate("2023-01-18T10:48:15.505Z"), "DateReturned" : null }] }
{ "_id" : UUID("7ef5fb2b-5a7f-4e29-bd24-fdb6202a638e"), "UserName" : "hups", "NormalizedUserName" : "HUPS", "Email" : null, "NormalizedEmail" : null, "EmailConfirmed" : false, "PasswordHash" : "AQAAAAEAACcQAAAAEDSmSdTkoK+VtQuBFcKQfzoOqv4ZANk71glh85M2iizuu06F/tliauaOkSPtD/MW2w==", "SecurityStamp" : "Q5LNII6WHY3MEGMLR3YAX6J2LX4XLV64", "ConcurrencyStamp" : "38f71e1c-211b-4424-aa9f-a8a222b9edba", "PhoneNumber" : null, "PhoneNumberConfirmed" : false, "TwoFactorEnabled" : false, "LockoutEnd" : null, "LockoutEnabled" : true, "AccessFailedCount" : 0, "Version" : 1, "CreatedOn" : ISODate("2022-12-07T18:13:38.743Z"), "Claims" : [], "Roles" : [UUID("78c1c9f2-ac41-4c37-8ff0-88b27ab02ea0")], "Logins" : [], "Tokens" : [], "FirstName" : "huips", "LastName" : "mnouka", "PersonalIdentificationNumber" : "840505/495", "Adress" : "katerinice", "bookIds" : ["6390d7455d16d5363f17b0c6", "6390d6d65d16d5363f17b0c4", "6390d7245d16d5363f17b0c5"], "IsBanned" : false, "IsApproved" : true, "BookHistory" : [{ "BookId" : "6390d6d65d16d5363f17b0c4", "DateBorrowed" : ISODate("2022-12-07T20:38:03.533Z"), "DateReturned" : ISODate("2022-12-07T21:34:33.437Z") }, { "BookId" : "6390d7245d16d5363f17b0c5", "DateBorrowed" : ISODate("2022-12-07T20:38:06.514Z"), "DateReturned" : ISODate("2022-12-07T21:34:28.284Z") }, { "BookId" : "6390d7455d16d5363f17b0c6", "DateBorrowed" : ISODate("2022-12-07T21:34:30.367Z"), "DateReturned" : null }, { "BookId" : "6390d6d65d16d5363f17b0c4", "DateBorrowed" : ISODate("2022-12-07T21:36:12.42Z"), "DateReturned" : null }, { "BookId" : "6390d7245d16d5363f17b0c5", "DateBorrowed" : ISODate("2022-12-10T09:41:31.455Z"), "DateReturned" : ISODate("2022-12-12T12:15:10.606Z") }, { "BookId" : "6390d7245d16d5363f17b0c5", "DateBorrowed" : ISODate("2022-12-12T12:15:13.569Z"), "DateReturned" : ISODate("2022-12-12T12:15:15.479Z") }, { "BookId" : "6390d7245d16d5363f17b0c5", "DateBorrowed" : ISODate("2022-12-12T12:15:16.475Z"), "DateReturned" : null }] }
{ "_id" : UUID("a90c468e-cfd5-4760-a714-a9e286096b19"), "UserName" : "janko", "NormalizedUserName" : "JANKO", "Email" : null, "NormalizedEmail" : null, "EmailConfirmed" : false, "PasswordHash" : "AQAAAAEAACcQAAAAEGl55H1cyWzetajN7xfasOjuGJnS5BIEcethzMinBBVOyby8jdlITistALJiejQZow==", "SecurityStamp" : "OVM2RVNSEQKXJGX7LMKS57JQW4BJ6NZS", "ConcurrencyStamp" : "dd02e8a3-4b5f-4ea0-a1e6-e3761997d5b2", "PhoneNumber" : null, "PhoneNumberConfirmed" : false, "TwoFactorEnabled" : false, "LockoutEnd" : null, "LockoutEnabled" : true, "AccessFailedCount" : 0, "Version" : 1, "CreatedOn" : ISODate("2023-01-07T13:17:14.464Z"), "Claims" : [], "Roles" : [UUID("78c1c9f2-ac41-4c37-8ff0-88b27ab02ea0")], "Logins" : [], "Tokens" : [], "FirstName" : "Jan", "LastName" : "Tichy", "PersonalIdentificationNumber" : "030515/0934", "Adress" : "ukrajina 12", "bookIds" : ["6390d7245d16d5363f17b0c5", "6390d6d65d16d5363f17b0c4"], "IsBanned" : false, "IsApproved" : true, "BookHistory" : [{ "BookId" : "6390d7245d16d5363f17b0c5", "DateBorrowed" : ISODate("2023-01-07T13:17:40.08Z"), "DateReturned" : ISODate("2023-01-07T13:17:42.871Z") }, { "BookId" : "6390d7245d16d5363f17b0c5", "DateBorrowed" : ISODate("2023-01-07T13:17:45.914Z"), "DateReturned" : null }, { "BookId" : "6390d6d65d16d5363f17b0c4", "DateBorrowed" : ISODate("2023-01-18T10:48:29.93Z"), "DateReturned" : null }, { "BookId" : "6390d7455d16d5363f17b0c6", "DateBorrowed" : ISODate("2023-01-18T10:48:31.883Z"), "DateReturned" : ISODate("2023-01-18T10:48:32.696Z") }] }
{ "_id" : UUID("1494e4ea-de9e-4991-a955-52374aa555a8"), "UserName" : "Julko", "NormalizedUserName" : "JULKO", "Email" : null, "NormalizedEmail" : null, "EmailConfirmed" : false, "PasswordHash" : "AQAAAAEAACcQAAAAEGTfNx0Jin8B+2sIQGh2gPzyq05qy8Q787lwlwLZkG2uaG/ODSlTMENnZH7PzCGlcA==", "SecurityStamp" : "7S7LQIQY5HKT6BFL44RUG5IJ37I6XGHC", "ConcurrencyStamp" : "d8a28b9b-b007-430c-887b-40bf0c9b2ff0", "PhoneNumber" : null, "PhoneNumberConfirmed" : false, "TwoFactorEnabled" : false, "LockoutEnd" : null, "LockoutEnabled" : true, "AccessFailedCount" : 0, "Version" : 1, "CreatedOn" : ISODate("2023-01-17T08:50:47.75Z"), "Claims" : [], "Roles" : [UUID("78c1c9f2-ac41-4c37-8ff0-88b27ab02ea0")], "Logins" : [], "Tokens" : [], "FirstName" : "Plop", "LastName" : "Plip", "PersonalIdentificationNumber" : "971125/5400", "Adress" : "Francisciho 806, 980 61 Tisovec", "bookIds" : [], "IsBanned" : false, "IsApproved" : true, "BookHistory" : [{ "BookId" : "6390d6d65d16d5363f17b0c4", "DateBorrowed" : ISODate("2023-01-17T09:40:57.688Z"), "DateReturned" : ISODate("2023-01-17T09:57:43.55Z") }, { "BookId" : "6390d6d65d16d5363f17b0c4", "DateBorrowed" : ISODate("2023-01-17T09:59:32.073Z"), "DateReturned" : ISODate("2023-01-17T09:59:35.07Z") }, { "BookId" : "6390d6d65d16d5363f17b0c4", "DateBorrowed" : ISODate("2023-01-17T09:59:38.16Z"), "DateReturned" : ISODate("2023-01-17T10:02:36.228Z") }, { "BookId" : "6390d6d65d16d5363f17b0c4", "DateBorrowed" : ISODate("2023-01-17T10:02:39.681Z"), "DateReturned" : ISODate("2023-01-17T10:02:42.237Z") }, { "BookId" : "6390d6d65d16d5363f17b0c4", "DateBorrowed" : ISODate("2023-01-17T10:03:04.164Z"), "DateReturned" : ISODate("2023-01-17T10:03:27.553Z") }, { "BookId" : "6390d6d65d16d5363f17b0c4", "DateBorrowed" : ISODate("2023-01-17T10:05:51.05Z"), "DateReturned" : ISODate("2023-01-17T10:06:03.711Z") }, { "BookId" : "6390d6d65d16d5363f17b0c4", "DateBorrowed" : ISODate("2023-01-17T10:07:18.491Z"), "DateReturned" : ISODate("2023-01-17T10:12:52.394Z") }, { "BookId" : "6390d6d65d16d5363f17b0c4", "DateBorrowed" : ISODate("2023-01-17T10:13:13.698Z"), "DateReturned" : ISODate("2023-01-17T10:13:18.295Z") }, { "BookId" : "6390d6d65d16d5363f17b0c4", "DateBorrowed" : ISODate("2023-01-17T10:13:20.447Z"), "DateReturned" : ISODate("2023-01-17T10:15:40.406Z") }, { "BookId" : "6390d6d65d16d5363f17b0c4", "DateBorrowed" : ISODate("2023-01-17T10:15:43.307Z"), "DateReturned" : ISODate("2023-01-17T10:15:45.307Z") }, { "BookId" : "6390d6d65d16d5363f17b0c4", "DateBorrowed" : ISODate("2023-01-17T10:15:47.294Z"), "DateReturned" : ISODate("2023-01-17T10:17:54.215Z") }, { "BookId" : "6390d6d65d16d5363f17b0c4", "DateBorrowed" : ISODate("2023-01-17T10:17:57.666Z"), "DateReturned" : ISODate("2023-01-17T10:17:59.668Z") }, { "BookId" : "6390d6d65d16d5363f17b0c4", "DateBorrowed" : ISODate("2023-01-17T10:18:55.597Z"), "DateReturned" : ISODate("2023-01-17T10:18:58.103Z") }, { "BookId" : "6390d6d65d16d5363f17b0c4", "DateBorrowed" : ISODate("2023-01-17T10:18:59.836Z"), "DateReturned" : ISODate("2023-01-17T10:19:02.582Z") }, { "BookId" : "6390d7245d16d5363f17b0c5", "DateBorrowed" : ISODate("2023-01-17T10:19:18.426Z"), "DateReturned" : ISODate("2023-01-17T10:19:21.725Z") }, { "BookId" : "6390d7245d16d5363f17b0c5", "DateBorrowed" : ISODate("2023-01-17T10:20:04.091Z"), "DateReturned" : ISODate("2023-01-17T10:24:41.745Z") }, { "BookId" : "6390d6d65d16d5363f17b0c4", "DateBorrowed" : ISODate("2023-01-17T12:19:59.094Z"), "DateReturned" : ISODate("2023-01-17T12:20:02.517Z") }] }
